bias_type,Mean,Median,StdDev
age,0.7731986122512531,0.7916977716529527,0.11785114131730406
disability,0.7672853068606826,0.7947264198155296,0.12504467105459202
gender,0.7573765498210152,0.7749477618846143,0.12539396810350617
nationality,0.8115568548191721,0.8327492363984684,0.10807199819360701
physical-appearance,0.8223504079815276,0.84875578730339,0.10697885380473604
race-color,0.7683180107957431,0.790639966304494,0.12719445618868824
religion,0.788632631002878,0.8150217466474206,0.11610989135800336
sexual-orientation,0.7851812895299038,0.8085129976915221,0.1156805987282614
socioeconomic,0.7765172636115611,0.7911197862648047,0.11519974650700684
