bias_type,ASR
age,0.9003831417624522
disability,0.9125
gender,0.8950381679389313
nationality,0.8155136268343816
physical-appearance,0.7671957671957672
race-color,0.8763102725366876
religion,0.8626984126984127
sexual-orientation,0.8958333333333334
socioeconomic,0.8752436647173489
